id,name,model_id:id,group_id:id,perm_read,perm_write,perm_create,perm_unlink
access_job_position_manager,access.job.position.manager,model_job_position,job_portal.group_job_hr_manager,1,1,1,1
access_job_department_manager,access.job.department.manager,model_job_department,job_portal.group_job_hr_manager,1,1,1,1

access_job_application_manager,access.job.application.manager,model_job_application,job_portal.group_job_hr_manager,1,1,1,1
access_job_application_public,access.job.application.public,model_job_application,base.group_public,0,0,1,0
