<?xml version="1.0" encoding="utf-8"?>
<odoo>
    <data noupdate="1">

        <record id="group_college_admin" model="res.groups">
            <field name="name">College Admin</field>
        </record>

        <record id="group_student" model="res.groups">
            <field name="name">Student</field>
        </record>

        <record id="group_student_portal" model="res.groups">
            <field name="name">Student Portal</field>
            <field name="implied_ids" eval="[(4, ref('base.group_portal'))]"/>
        </record>

    </data>
</odoo>
